mse,weight_order,prod_distance_order,time_delivery_order,thetas
423746996362,1,1,1,0.9702601209221606 0.06113554642819354 -0.5633412857806126 0.7952294495807649
