mse,weight_order,prod_distance_order,time_delivery_order,thetas
423744205876,1,1,1,0.968335448350089 0.06284408391550453 -0.5623135284118586 0.7936393820053539
