mse,weight_order,prod_distance_order,time_delivery_order,thetas
423745600405,1,1,1,0.969297309404443 0.06199022950524057 -0.5628271440076195 0.7944340224002576
