mse,weight_order,prod_distance_order,time_delivery_order,thetas
424475533818,1,1,1,-0.9541512693742266 -0.19045409786630468 -0.8302928714655473 0.03972098779560186
