loss,weight_order,prod_distance_order,time_delivery_order,lambda,thetas
55753322618778317203586416640,1,1,1,1.0,-26466.437714376916 -1102873.5818097538 -57035590.63811086 -199281.79571656918
