loss,weight_order,prod_distance_order,time_delivery_order,lambda,thetas
9325711054.486694,1,1,1,0.0,643153.4862690239 810.3633713128559 -0.0007159004321701213 191.6026092963921
