loss,weight_order,prod_distance_order,time_delivery_order,lambda,thetas
9562736497.804049,1,1,1,0.0,643274.6644681274 795.1240929300544 -0.00043148196379623954 -2665.461249398306
