loss,weight_order,prod_distance_order,time_delivery_order,lambda,thetas
52549701291796258816,1,1,1,0.0,-2191372.169713211 690620.1206375589 903076.4395052668 775161.1864090231
