loss,weight_order,prod_distance_order,time_delivery_order,lambda,thetas
16.059233015973316,1,1,1,0.0,7.834179903908997 2.886404274259642e-05 -0.002159425327937771 -0.00016240556199896293
