loss,weight_order,prod_distance_order,time_delivery_order,lambda,thetas
56151718964933631652388667392,1,1,1,1.0,-26658.127507212223 -1099655.6249166788 -57682282.80092864 -199375.85533311687
