loss,weight_order,prod_distance_order,time_delivery_order,lambda,thetas
35324920997647584,1,1,1,0.0,462133.2573495509 -145614.7544895812 -190446.4099731806 -163458.1941994007
