loss,weight_order,prod_distance_order,time_delivery_order,lambda,thetas
1096718087.4450276,1,1,1,1.0,522946.98794284114 3526.7832372989865 -12.832224847395537 -0.6491276519774524
