loss,weight_order,prod_distance_order,time_delivery_order,lambda,thetas
11961786643325,1,1,1,0,0.4214850738744133 0.28619863738711127 1.2836897711284476 0.28549371975574384
