loss,weight_order,prod_distance_order,time_delivery_order,lambda,thetas
62817101,1,1,1,0.0,7.5039954771872015 -0.001969443770475498 0.06542430801500143 -0.020809960494843988
