loss,weight_order,prod_distance_order,time_delivery_order,lambda,thetas
16.097363612813375,1,1,1,0.0,7.403485317591277 6.812854692308868e-05 0.002536907316440419 -0.0001243457373999813
