loss,weight_order,prod_distance_order,time_delivery_order,lambda,thetas
56044652112501552439636262912,1,1,1,1.0,-26611.495542772984 -1099903.5918077927 -57537919.56886409 -199669.23796596873
