loss,weight_order,prod_distance_order,time_delivery_order,lambda,thetas
1,1,1,1,0.0,7.366005631249879 3.633317394280985e-05 0.003179008532654778 -4.24398839112475e-05
