loss,weight_order,prod_distance_order,time_delivery_order,lambda,thetas
56256684673772193692153544704,1,1,1,1.0,-26651.169745514573 -1107942.8409618551 -57680652.15115901 -200226.7366449299
