loss,weight_order,prod_distance_order,time_delivery_order,lambda,thetas
997239332.3273988,1,1,1,0.0,519257.9517416623 3538.256639707038 -10.100880586381782 -163.62952372391123
