loss,weight_order,prod_distance_order,time_delivery_order,lambda,thetas
1,1,1,1,0.0,7.269669909099503 1.8014028208066356e-05 -0.002319231575829992 8.327860603059085e-05
