loss,weight_order,prod_distance_order,time_delivery_order,lambda,thetas
9343511421.134415,1,1,1,0.0,642572.2448997498 808.9619658077223 -0.00023784788833884022 -1585.4742432108937
