loss,weight_order,prod_distance_order,time_delivery_order,lambda,thetas
394114273894,1,1,1,0,0.9081670916805293 0.04714665688157852 1.0416732917743223 0.047301022685066356
