loss,weight_order,prod_distance_order,time_delivery_order,lambda,thetas
9199315631.768208,1,1,1,1.0,642157.554840833 813.4375141534554 -0.0005706946539302316 2793.8898018625414
