loss,weight_order,prod_distance_order,time_delivery_order,lambda,thetas
56464711327292738310758203392,1,1,1,1.0,-26764.506609121407 -1111150.3237321095 -57969199.79222408 -198748.12346878598
