loss,weight_order,prod_distance_order,time_delivery_order,lambda,thetas
931704758.4297853,1,1,1,1.0,515132.68266015826 3520.542287829961 -7.475377527440287 -248.68863012240357
