loss,weight_order,prod_distance_order,time_delivery_order,lambda,thetas
133229296846662288,1,1,1,1.0,347466.55819897144 -109481.16431887443 -143162.13858936 -122885.84356582357
