loss,weight_order,prod_distance_order,time_delivery_order,lambda,thetas
1,1,1,1,0.0,7.4921422687733426 0.09939623130099405 -0.03456364773243962 -0.03923451207150745
