loss,weight_order,prod_distance_order,time_delivery_order,lambda,thetas
1,1,1,1,0.0,7.249653753006676 7.613428225784847e-05 0.003758371785502393 -4.65745755821028e-05
