loss,weight_order,prod_distance_order,time_delivery_order,lambda,thetas
1005512649.6933557,1,1,1,0.0,644319.4076195995 90674.71642546522 -5131.925763704662 -951.5968658831736
