loss,weight_order,prod_distance_order,time_delivery_order,lambda,thetas
55866796793846889269753282560,1,1,1,1.0,-26543.793922448473 -1089061.863350274 -57366957.05537047 -198941.66102867166
