loss,weight_order,prod_distance_order,time_delivery_order,lambda,thetas
35833171896303064,1,1,1,0.0,437710.5012056867 -110527.0478435487 -180382.21556754754 -276814.71250853466
