loss,weight_order,prod_distance_order,time_delivery_order,lambda,thetas
134823960348480768,1,1,1,1.0,347317.5418389244 -109434.54768257431 -143100.45894277364 -122826.82147997679
