loss,weight_order,prod_distance_order,time_delivery_order,lambda,thetas
9153308653.382776,1,1,1,0.0,644200.8252444776 811.6400581016254 -0.0006249540642525667 -2892.779862896158
