loss,weight_order,prod_distance_order,time_delivery_order,lambda,thetas
34700755883314040,1,1,1,1.0,461863.89517080475 -145096.3399250023 -189736.05020333442 -162871.7299133112
